#!,/bin/sh
#,This,is,a,shell,archive,,meaning:
#,1.,Remove,everything,above,the,#!,/bin/sh,line.
#,2.,Save,the,resulting,text,in,a,file.
#,3.,Execute,the,file,with,/bin/sh,(not,csh),to,create,the,files:
#	a-permit.dat
#	ex12-3-1.dat
#	ex5-1-2.dat
#	ex5-7-12.dat
#	tab10-1.dat
#	tab10-6.dat
#	tab10-8.dat
#	tab10-9.dat
#	tab11-1.dat
#	tab11-12.dat
#	tab11-15.dat
#	tab11-19.dat
#	tab11-20.dat
#	tab11-21.dat
#	tab11-22.dat
#	tab11-23.dat
#	tab11-4.dat
#	tab12-1.dat
#	tab12-13.dat
#	tab12-14.dat
#	tab12-15.dat
#	tab12-16.dat
#	tab12-3.dat
#	tab12-3a.dat
#	tab13-1.dat
#	tab13-2.dat
#	tab13-3.dat
#	tab13-4.dat
#	tab13-5.dat
#	tab16-1.dat
#	tab16-13.dat
#	tab16-18.dat
#	tab16-23.dat
#	tab16-24.dat
#	tab16-25.dat
#	tab16-26.dat
#	tab16-7.dat
#	tab17-10.dat
#	tab17-3.dat
#	tab17-6.dat
#	tab18-1.dat
#	tab2-1.dat
#	tab2-2.dat
#	tab2-3.dat
#	tab2-4.dat
#	tab4-1.dat
#	tab4-10.dat
#	tab4-11.dat
#	tab4-12.dat
#	tab4-13.dat
#	tab4-14.dat
#	tab4-15.dat
#	tab4-2.dat
#	tab4-2a.dat
#	tab4-3.dat
#	tab4-4.dat
#	tab4-5.dat
#	tab4-6.dat
#	tab4-7.dat
#	tab4-8.dat
#	tab4-9.dat
#	tab5-1.dat
#	tab5-10.dat
#	tab5-11.dat
#	tab5-12.dat
#	tab5-9.dat
#	tab6-1.dat
#	tab7-1.dat
#	tab7-10.dat
#	tab7-14.dat
#	tab7-15.dat
#	tab7-16.dat
#	tab7-17.dat
#	tab7-18.dat
#	tab7-19.dat
#	tab7-20.dat
#	tab7-5.dat
#	tab8-19.dat
#	tab8-2.dat
#	tab8-21.dat
#	tab8-3.dat
#	tab8-3a.dat
#	tab9-1.dat
#	tab9-10.dat
#	tab9-11.dat
#	tab9-12.dat
#	tab9-13.dat
#	tab9-13a.dat
#	tab9-14.dat
#	tab9-15.dat
#	tab9-16.dat
#	tab9-17.dat
#	tab9-6.dat
#	tab9-9.dat
#,This,archive,created:,Thu,Sep,26,14:30:04,1996
export,PATH;,PATH=/bin:$PATH
if,test,-f,'a-permit.dat'
then
	echo,shar:,will,not,over-write,existing,file,"'a-permit.dat'"
else
cat,<<,\SHAR_EOF,>,'a-permit.dat'

This,contains,viturally,all,of,the,data,files
in,"Analysis,of,Variance,,Design,,and,Regression:
Applied,Statistical,Methods",by,Ronald,Christensen
(1996,,Chapman,and,Hall).,The,individual,files,
correspond,with,tables,in,the,book,in,a,self,
explanitory,manner,(presuming,you,have,the,book,to,
look,at).,There,are,three,files,that,correspond,
to,data,in,exercises,or,examples.

The,author,retains,no,rights,to,these,data.

Comments,should,be,directed,to:
Ronald,Christensen
Dept.,of,Math,and,Statistics
University,of,New,Mexico
Albq.,,NM,87131
e-mail:,fletcher@math.unm.edu

More,information,about,the,book,and,alternative
access,to,the,data,can,be,obtained,from,
the,web,at:,www.math.unm.edu/~fletcher

SHAR_EOF
fi,#,end,of,overwriting,check
if,test,-f,'ex12-3-1.dat'
then
	echo,shar:,will,not,over-write,existing,file,"'ex12-3-1.dat'"
else
cat,<<,\SHAR_EOF,>,'ex12-3-1.dat'
194,192,141,1,1,1,1
233,217,171,1,1,2,1
265,252,207,1,1,3,1
208,188,165,1,1,1,2
241,222,201,1,1,2,2
269,283,191,1,1,3,2
239,127,90,1,2,1,1
224,123,79,1,2,2,1
243,117,100,1,2,3,1
187,105,85,1,2,1,2
243,123,110,1,2,2,2
226,125,75,1,2,3,2
155,169,151,2,1,1,1
198,187,176,2,1,2,1
235,225,166,2,1,3,1
173,152,141,2,1,1,2
177,196,167,2,1,2,2
229,270,183,2,1,3,2
137,82,77,2,2,1,1
129,94,78,2,2,2,1
155,76,91,2,2,3,1
160,82,83,2,2,1,2
,98,89,48,2,2,2,2
132,105,67,2,2,3,2
SHAR_EOF
fi,#,end,of,overwriting,check
if,test,-f,'ex5-1-2.dat'
then
	echo,shar:,will,not,over-write,existing,file,"'ex5-1-2.dat'"
else
cat,<<,\SHAR_EOF,>,'ex5-1-2.dat'
16.5,1
17.2,1
16.6,1
15.0,1
14.4,1
16.5,1
15.5,1
15.7,2
17.6,2
16.3,2
14.6,2
14.9,2
15.2,2
16.1,2
17.3,3
15.8,3
16.8,3
17.2,3
16.2,3
16.9,3
14.9,3
16.9,4
15.8,4
16.9,4
16.8,4
16.6,4
16.0,4
16.6,4
15.5,5
16.6,5
15.9,5
16.5,5
16.1,5
16.2,5
15.7,5
13.5,6
13.5,6
16.0,6
15.9,6
13.7,6
15.2,6
15.9,6,




SHAR_EOF
fi,#,end,of,overwriting,check
if,test,-f,'ex5-7-12.dat'
then
	echo,shar:,will,not,over-write,existing,file,"'ex5-7-12.dat'"
else
cat,<<,\SHAR_EOF,>,'ex5-7-12.dat'
83,1
81,1,
76,1
79,1
76,1
61,2
61,2
67,2
67,2
64,2
78,3
71,3
75,3
72,3
74,3
SHAR_EOF
fi,#,end,of,overwriting,check
if,test,-f,'tab10-1.dat'
then
	echo,shar:,will,not,over-write,existing,file,"'tab10-1.dat'"
else
cat,<<,\SHAR_EOF,>,'tab10-1.dat'
2.3,9.6,1
3.0,10.6,1
2.9,9.9,1
2.4,8.7,1
2.3,10.1,1
2.0,7.0,1
2.2,11.0,1
2.1,8.2,1
2.3,9.0,1
2.1,7.3,1
2.1,8.5,1
2.2,9.7,1
2.0,7.4,1
2.3,7.3,1
2.2,7.1,1
2.3,9.0,1
2.1,7.6,1
2.0,9.5,1
2.9,10.1,1
2.7,10.2,1
2.6,10.1,1
2.3,9.5,1
2.6,8.7,1
2.1,7.2,1
2.9,9.4,2
2.4,9.3,2
2.2,7.2,2
2.9,11.3,2
2.5,8.8,2
3.1,9.9,2
3.0,13.3,2
2.5,12.7,2
3.4,14.4,2
3.0,10.0,2
2.6,10.5,2
2.5,8.6,2
2.8,10.0,2
3.1,12.1,2
3.0,13.8,2
2.7,12.0,2
2.8,12.0,2
2.1,10.1,2
3.3,11.5,2
3.4,12.2,2
2.8,13.5,2
2.7,10.4,2
3.2,11.6,2
3.0,10.6,2

SHAR_EOF
fi,#,end,of,overwriting,check
if,test,-f,'tab10-6.dat'
then
	echo,shar:,will,not,over-write,existing,file,"'tab10-6.dat'"
else
cat,<<,\SHAR_EOF,>,'tab10-6.dat'
1,1,.9331,
1,2,.9214,
1,3,.8472,
1,4,.8417,
2,1,.8664,
2,2,.8729,
2,3,.7948,
2,4,.8035,
3,1,.8711,
3,2,.8627,
3,3,.7810,
3,4,.8099,




SHAR_EOF
fi,#,end,of,overwriting,check
if,test,-f,'tab10-8.dat'
then
	echo,shar:,will,not,over-write,existing,file,"'tab10-8.dat'"
else
cat,<<,\SHAR_EOF,>,'tab10-8.dat'
-20,1,13.14,42.1,
-20,2,15.90,41.0,
-20,3,13.39,41.1,
-20,4,15.51,41.0,
-20,5,15.53,41.0,
-20,6,15.26,42.0,
-20,7,15.06,40.4,
-20,8,15.21,39.3,
-20,9,16.90,39.2,
-20,10,15.45,37.7,
,0,1,12.46,41.1,
,0,2,14.11,39.4,
,0,3,12.32,40.2,
,0,4,13.68,39.8,
,0,5,13.16,41.2,
,0,6,13.64,40.0,
,0,7,13.25,39.0,
,0,8,13.54,38.8,
,0,9,15.23,38.5,
,0,10,14.06,35.7,
20,1,9.43,43.1,
20,2,11.30,40.3,
20,3,9.65,40.6,
20,4,10.33,40.4,
20,5,10.29,39.7,
20,6,10.35,40.3,
20,7,10.56,34.9,
20,8,10.46,37.5,
20,9,11.94,38.5,
20,10,10.74,36.7,
40,1,7.63,41.4,
40,2,9.56,38.6,
40,3,7.90,41.7,
40,4,8.27,39.8,
40,5,8.67,39.0,
40,6,8.67,40.9,
40,7,8.10,40.1,
40,8,8.30,40.6,
40,9,9.34,39.4,
40,10,7.75,38.9,
60,1,6.34,39.1
60,2,7.27,36.7
60,3,6.41,39.7
60,4,7.06,39.3
60,5,6.68,39.0
60,6,6.62,41.2
60,7,6.15,41.4
60,8,6.09,41.8
60,9,6.26,41.7
60,10,6.29,38.2










SHAR_EOF
fi,#,end,of,overwriting,check
if,test,-f,'tab10-9.dat'
then
	echo,shar:,will,not,over-write,existing,file,"'tab10-9.dat'"
else
cat,<<,\SHAR_EOF,>,'tab10-9.dat'
24,17.6,5.15,1
32,13.4,5.75,1
17,20.3,4.35,1
30,22.3,7.55,1
30,20.5,8.50,1
27,18.5,10.25,1
25,12.1,5.95,1
30,12.0,6.30,1
28,10.1,5.45,1
24,14.7,3.75,1
26,14.8,5.10,1
27,14.4,4.05,1
31,18.1,9.00,2
23,19.7,5.30,2
32,16.9,9.85,2
20,23.7,3.60,2
18,19.2,4.05,2
23,18.0,4.40,2
31,14.8,7.15,2
28,15.6,7.25,2
21,16.2,5.30,2
20,14.1,3.10,2
15,17.5,2.40,2
26,14.1,4.25,2
24,19.1,5.80,2
16,22.5,1.55,2
18,17.0,4.55,3
10,12.5,2.65,3
33,21.5,6.50,3
25,22.2,4.85,3
35,13.0,8.75,3
33,13.0,5.20,3
31,10.9,4.75,3
34,12.0,5.85,3
16,22.8,2.85,3
31,16.5,6.55,3
28,18.4,6.60,3
32,12.5,2.90,4
25,8.7,3.00,4
28,9.4,3.40,4
27,15.0,5.40,4
23,12.9,4.45,4
25,12.1,4.30,4
26,13.2,5.00,4
34,11.5,3.40,4
,
,
,
SHAR_EOF
fi,#,end,of,overwriting,check
if,test,-f,'tab11-1.dat'
then
	echo,shar:,will,not,over-write,existing,file,"'tab11-1.dat'"
else
cat,<<,\SHAR_EOF,>,'tab11-1.dat'
1,1,1,.9331,
1,1,2,.9214,
1,2,1,.8472,
1,2,2,.8417,
2,1,1,.8664,
2,1,2,.8729,
2,2,1,.7948,
2,2,2,.8035,
3,1,1,.8711,
3,1,2,.8627,
3,2,1,.7810,
3,2,2,.8099,




SHAR_EOF
fi,#,end,of,overwriting,check
if,test,-f,'tab11-12.dat'
then
	echo,shar:,will,not,over-write,existing,file,"'tab11-12.dat'"
else
cat,<<,\SHAR_EOF,>,'tab11-12.dat'
194,192,141,1,1,1,1
233,217,171,1,1,2,1
265,252,207,1,1,3,1
208,188,165,1,1,1,2
241,222,201,1,1,2,2
269,283,191,1,1,3,2
239,127,90,1,2,1,1
224,123,79,1,2,2,1
243,117,100,1,2,3,1
187,105,85,1,2,1,2
243,123,110,1,2,2,2
226,125,75,1,2,3,2
155,169,151,2,1,1,1
198,187,176,2,1,2,1
235,225,166,2,1,3,1
173,152,141,2,1,1,2
177,196,167,2,1,2,2
229,270,183,2,1,3,2
137,82,77,2,2,1,1
129,94,78,2,2,2,1
155,76,91,2,2,3,1
160,82,83,2,2,1,2
,98,89,48,2,2,2,2
132,105,67,2,2,3,2
SHAR_EOF
fi,#,end,of,overwriting,check
if,test,-f,'tab11-15.dat'
then
	echo,shar:,will,not,over-write,existing,file,"'tab11-15.dat'"
else
cat,<<,\SHAR_EOF,>,'tab11-15.dat'
768,1,1,1,1,1,
662,1,1,2,2,2,
731,1,1,3,3,3,
600,1,2,1,1,2,
515,1,2,2,2,3,
680,1,2,3,3,1,
411,1,3,1,1,3,
506,1,3,2,2,1,
525,1,3,3,3,2,
669,2,1,4,4,1,
459,2,1,5,5,2,
624,2,1,6,6,3,
550,2,2,4,4,3,
409,2,2,5,5,1,
462,2,2,6,6,2,
416,2,3,4,4,2,
222,2,3,5,5,3,
426,2,3,6,6,1,
1091,3,1,1,7,1,
1234,3,1,2,8,2,
1300,3,1,3,9,3,
,798,3,2,1,7,2,
,902,3,2,2,8,3,
1297,3,2,3,9,1,
,534,3,3,1,7,3,
,869,3,3,2,8,1,
,962,3,3,3,9,2,
1105,4,1,1,10,1,
,891,4,1,2,11,2,
,859,4,1,3,12,3,
,712,4,2,1,10,3,
,830,4,2,2,11,1,
,617,4,2,3,12,2,
,453,4,3,1,10,2,
,629,4,3,2,11,3,
,597,4,3,3,12,1,
941,5,1,1,13,1,
794,5,1,2,14,2,
779,5,1,3,15,3,
718,5,2,1,13,2,
603,5,2,2,14,3,
718,5,2,3,15,1,
548,5,3,1,13,3,
613,5,3,2,14,1,
515,5,3,3,15,2,
933,6,1,1,16,1,
724,6,1,2,17,2,
749,6,1,3,18,3,
658,6,2,1,16,3,
649,6,2,2,17,1,
594,6,2,3,18,2,
576,6,3,1,16,2,
496,6,3,2,17,3,
612,6,3,3,18,1,
,
SHAR_EOF
fi,#,end,of,overwriting,check
if,test,-f,'tab11-19.dat'
then
	echo,shar:,will,not,over-write,existing,file,"'tab11-19.dat'"
else
cat,<<,\SHAR_EOF,>,'tab11-19.dat'
1,1,1,18,
1,1,2,9,
1,1,3,7,
1,1,4,6,
1,1,5,10,
1,1,6,7,
1,1,7,13,
1,1,8,1,
1,2,1,7,
1,2,2,11,
1,2,3,11,
1,2,4,4,
1,2,5,8,
1,2,6,12,
1,2,7,5,
1,2,8,11,
1,3,1,5,
1,3,2,12,
1,3,3,11,
1,3,4,10,
1,3,5,6,
1,3,6,3,
1,3,7,15,
1,3,8,8,
1,4,1,9,
1,4,2,3,
1,4,3,1,
1,4,4,8,
1,4,5,10,
1,4,6,15,
1,4,7,16,
1,4,8,12,
2,1,1,12,
2,1,2,16,
2,1,3,7,
2,1,4,15,
2,1,5,17,
2,1,6,18,
2,1,7,14,
2,1,8,7,
2,2,1,16,
2,2,2,4,
2,2,3,14,
2,2,4,10,
2,2,5,12,
2,2,6,22,
2,2,7,18,
2,2,8,13,
2,3,1,15,

2,3,2,21,
2,3,3,12,
2,3,4,16,
2,3,5,12,
2,3,6,14,
2,3,7,18,
2,3,8,11,
2,4,1,9,
2,4,2,19,
2,4,3,6,
2,4,4,12,
2,4,5,22,
2,4,6,19,
2,4,7,9,
2,4,8,13,
3,1,1,18,
3,1,2,25,
3,1,3,17,
3,1,4,10,
3,1,5,18,
3,1,6,18,
3,1,7,16,
3,1,8,15,
3,2,1,13,
3,2,2,13,
3,2,3,20,
3,2,4,16,
3,2,5,16,
3,2,6,23,
3,2,7,16,
3,2,8,14,
3,3,1,10,
3,3,2,19,
3,3,3,19,
3,3,4,12,
3,3,5,21,
3,3,6,22,
3,3,7,10,
3,3,8,14,
3,4,1,22
3,4,2,12
3,4,3,20
3,4,4,18
3,4,5,22
3,4,6,14
3,4,7,15
3,4,8,11






























SHAR_EOF
fi,#,end,of,overwriting,check
if,test,-f,'tab11-20.dat'
then
	echo,shar:,will,not,over-write,existing,file,"'tab11-20.dat'"
else
cat,<<,\SHAR_EOF,>,'tab11-20.dat'
1,1,1,6,
1,1,1,9,
1,1,1,1,
1,1,1,3,
1,1,2,7,
1,1,2,9,
1,1,2,5,
1,1,2,5,
1,1,3,1,
1,1,3,2,
1,1,3,0,
1,1,3,4,
1,1,4,6,
1,1,4,6,
1,1,4,7,
1,1,4,3,
1,2,1,4,
1,2,1,6,
1,2,1,0,
1,2,1,1,
1,2,2,6,
1,2,2,5,
1,2,2,3,
1,2,2,4,
1,2,3,-1,
1,2,3,0,
1,2,3,0,
1,2,3,1,
1,2,4,4
1,2,4,5
1,2,4,5
1,2,4,4
2,1,1,6,
2,1,1,3,
2,1,1,1,
2,1,1,-1,
2,1,2,8,
2,1,2,7,
2,1,2,4,
2,1,2,8,
2,1,3,3,
2,1,3,2,
2,1,3,1,
2,1,3,0,
2,1,4,7,
2,1,4,9,
2,1,4,11,
2,1,4,6,
2,2,1,3,
2,2,1,1,
2,2,1,1,
2,2,1,-2,
2,2,2,6,
2,2,2,4,
2,2,2,1,
2,2,2,3,
2,2,3,2,
2,2,3,0,
2,2,3,-1,
2,2,3,1,
2,2,4,9
2,2,4,4
2,2,4,6
2,2,4,3
3,1,1,5,
3,1,1,4,
3,1,1,9,
3,1,1,6,
3,1,2,10,
3,1,2,11,
3,1,2,6,
3,1,2,4,
3,1,3,-1,
3,1,3,2,
3,1,3,6,
3,1,3,1,
3,1,4,10,
3,1,4,5,
3,1,4,4,
3,1,4,8,
3,2,1,6,
3,2,1,0,
3,2,1,3,
3,2,1,7,
3,2,2,8,
3,2,2,7,
3,2,2,10,
3,2,2,0,
3,2,3,0,
3,2,3,-2,
3,2,3,4,
3,2,3,-4,
3,2,4,4
3,2,4,3
3,2,4,7
3,2,4,0

SHAR_EOF
fi,#,end,of,overwriting,check
if,test,-f,'tab11-21.dat'
then
	echo,shar:,will,not,over-write,existing,file,"'tab11-21.dat'"
else
cat,<<,\SHAR_EOF,>,'tab11-21.dat'
1,1,60,57,19.8,52,
1,2,73,52,32.0,77,
1,1,63,52,19.5,53,
1,2,79,56,33.0,78,
1,1,57,55,19.7,44,
1,2,76,57,32.0,70,
1,1,53,59,21.6,48,
1,2,69,58,34.0,74,
1,1,56,56,21.1,48,
1,2,78,52,31.0,74,
1,1,57,54,19.3,53,
1,2,74,53,27.3,81
2,1,59,51,29.4,49,
2,2,78,52,37.8,77,
2,1,48,44,32.2,59,
2,2,72,42,36.7,76,
2,1,51,42,37.1,55,
2,2,72,51,35.4,79,
2,1,49,54,31.5,54,
2,2,75,47,40.2,78,
2,1,45,47,31.3,49,
2,2,71,57,40.7,79,
2,1,48,56,33.0,58,
2,2,72,45,42.6,79,
SHAR_EOF
fi,#,end,of,overwriting,check
if,test,-f,'tab11-22.dat'
then
	echo,shar:,will,not,over-write,existing,file,"'tab11-22.dat'"
else
cat,<<,\SHAR_EOF,>,'tab11-22.dat'
1,1,1,3,41.0,
1,2,1,4,41.0,
1,3,1,1,39.5,
1,4,1,2,41.5,
1,1,2,4,38.5,
1,2,2,3,38.5,
1,3,2,2,42.0,
1,4,2,1,41.0,
1,1,3,1,39.0,
1,2,3,2,41.5,
1,3,3,3,41.5,
1,4,3,4,40.5,
1,1,4,2,43.0,
1,2,4,1,41.0,
1,3,4,4,42.0,
1,4,4,3,41.5,
2,1,1,4,43.0,
2,2,1,3,41.0,
2,3,1,2,42.0,
2,4,1,1,40.5,
2,1,2,3,40.5,
2,2,2,4,39.0,
2,3,2,1,41.0,
2,4,2,2,42.5,
2,1,3,2,43.5,
2,2,3,1,39.5,
2,3,3,4,40.5,
2,4,3,3,44.0,
2,1,4,1,39.5
2,2,4,2,41.5
2,3,4,3,37.5
2,4,4,4,41.0
SHAR_EOF
fi,#,end,of,overwriting,check
if,test,-f,'tab11-23.dat'
then
	echo,shar:,will,not,over-write,existing,file,"'tab11-23.dat'"
else
cat,<<,\SHAR_EOF,>,'tab11-23.dat'
1,1,1,1,1,40.0,
1,2,1,2,2,40.0,
1,3,1,3,3,42.0,
1,4,1,4,4,40.0,
1,1,2,2,3,43.5,
1,2,2,1,4,42.0,
1,3,2,4,1,40.5,
1,4,2,3,2,36.5,
1,1,3,3,4,39.0,
1,2,3,4,3,40.5,
1,3,3,1,2,38.0,
1,4,3,2,1,39.0,
1,1,4,4,2,44.0,
1,2,4,3,1,38.0,
1,3,4,2,4,40.0,
1,4,4,1,3,38.5,
2,1,1,2,2,39.0,
2,2,1,1,1,36.5,
2,3,1,4,4,40.0,
2,4,1,3,3,41.5,
2,1,2,1,4,39.0,
2,2,2,2,3,42.5,
2,3,2,3,2,39.0,
2,4,2,4,1,39.5,
2,1,3,4,3,41.0,
2,2,3,3,4,40.5,
2,3,3,2,1,41.5,
2,4,3,1,2,39.0,
2,1,4,3,1,41.0,
2,2,4,4,2,38.5,
2,3,4,1,3,41.5,
2,4,4,2,4,44.0,
3,1,1,3,3,41.0,
3,2,1,4,4,41.0,
3,3,1,1,1,39.5,
3,4,1,2,2,41.5,
3,1,2,4,1,38.5,
3,2,2,3,2,38.5,
3,3,2,2,3,42.0,
3,4,2,1,4,41.0,
3,1,3,1,2,39.0,
3,2,3,2,1,41.5,
3,3,3,3,4,41.5,
3,4,3,4,3,40.5,
3,1,4,2,4,43.0,
3,2,4,1,3,41.0,
3,3,4,4,2,42.0,
3,4,4,3,1,41.5,
4,1,1,4,4,43.0,
4,2,1,3,3,41.0,
4,3,1,2,2,42.0,
4,4,1,1,1,40.5,
4,1,2,3,2,40.5,
4,2,2,4,1,39.0,
4,3,2,1,4,41.0,
4,4,2,2,3,42.5,
4,1,3,2,1,43.5,
4,2,3,1,2,39.5,
4,3,3,4,3,40.5,
4,4,3,3,4,44.0,
4,1,4,1,3,39.5
4,2,4,2,4,41.5
4,3,4,3,1,37.5
4,4,4,4,2,41.0
SHAR_EOF
fi,#,end,of,overwriting,check
if,test,-f,'tab11-4.dat'
then
	echo,shar:,will,not,over-write,existing,file,"'tab11-4.dat'"
else
cat,<<,\SHAR_EOF,>,'tab11-4.dat'
1,E,633,B,527,F,652,A,390,C,504,D,416,
2,B,489,C,475,D,415,E,488,F,571,A,282,
3,A,384,E,481,C,483,B,422,D,334,F,646,
4,F,620,D,448,E,505,C,439,A,323,B,384,
5,D,452,A,432,B,411,F,617,E,594,C,466,
6,C,500,F,505,A,259,D,366,B,326,E,420,
SHAR_EOF
fi,#,end,of,overwriting,check
if,test,-f,'tab12-1.dat'
then
	echo,shar:,will,not,over-write,existing,file,"'tab12-1.dat'"
else
cat,<<,\SHAR_EOF,>,'tab12-1.dat'
,1,1,1,7.20,
,1,2,1,2.40,
,1,3,1,2.19,
,1,4,1,1.22,
,1,1,2,11.70,
,1,2,2,7.76,
,1,3,2,4.92,
,1,4,2,2.62,
,1,1,3,15.12,
,1,2,3,6.13,
,1,3,3,5.34,
,1,4,3,5.50,
,1,1,4,18.10,
,1,2,4,2.64,
,1,3,4,2.47,
,1,4,4,2.74,
,2,1,1,9.06,
,2,2,1,2.14,
,2,3,1,2.69,
,2,4,1,2.43,
,2,1,2,11.79,
,2,2,2,7.76,
,2,3,2,1.86,
,2,4,2,3.90,
,2,1,3,14.38,
,2,2,3,6.89,
,2,3,3,4.88,
,2,4,3,5.27,
,2,1,4,8.12,
,2,2,4,3.17,
,2,3,4,1.86,
,2,4,4,2.31,













SHAR_EOF
fi,#,end,of,overwriting,check
if,test,-f,'tab12-13.dat'
then
	echo,shar:,will,not,over-write,existing,file,"'tab12-13.dat'"
else
cat,<<,\SHAR_EOF,>,'tab12-13.dat'
1,1,1,-1,8,
1,2,1,-1,6,
1,3,1,-1,10,
1,4,1,-1,4,
1,5,1,-1,11,
1,1,-1,1,12,
1,2,-1,1,9,
1,3,-1,1,13,
1,4,-1,1,6,
1,5,-1,1,15,
1,1,-1,-1,7,
1,2,-1,-1,7,
1,3,-1,-1,9,
1,4,-1,-1,5,
1,5,-1,-1,9,
1,1,1,1,12,
1,2,1,1,10,
1,3,1,1,14,
1,4,1,1,6,
1,5,1,1,13,
2,1,1,-1,7
2,2,1,-1,5
2,3,1,-1,11
2,4,1,-1,5
2,5,1,-1,10
2,1,-1,1,10
2,2,-1,1,8
2,3,-1,1,12
2,4,-1,1,3
2,5,-1,1,11
2,1,-1,-1,8
2,2,-1,-1,6
2,3,-1,-1,10
2,4,-1,-1,4
2,5,-1,-1,7
2,1,1,1,11
2,2,1,1,9
2,3,1,1,12
2,4,1,1,5
2,5,1,1,9

SHAR_EOF
fi,#,end,of,overwriting,check
if,test,-f,'tab12-14.dat'
then
	echo,shar:,will,not,over-write,existing,file,"'tab12-14.dat'"
else
cat,<<,\SHAR_EOF,>,'tab12-14.dat'
2.40,1,1,1
0.98,2,1,1
1.38,3,1,1
1.37,4,1,1
3.32,1,2,1
1.91,2,2,1
2.36,3,2,1
1.62,4,2,1
2.59,1,3,1
1.44,2,3,1
1.66,3,3,1
1.75,4,3,1
1.76,1,1,2
1.65,2,1,2
1.69,3,1,2
1.11,4,1,2
2.78,1,2,2
2.07,2,2,2
2.98,3,2,2
2.50,4,2,2
2.27,1,3,2
2.28,2,3,2
2.16,3,3,2
2.06,4,3,2
1.43,1,1,3
1.30,2,1,3
0.18,3,1,3
1.66,4,1,3
2.51,1,2,3
1.48,2,2,3
1.83,3,2,3
2.36,4,2,3
1.54,1,3,3,
1.46,2,3,3
0.16,3,3,3
1.84,4,3,3
1.24,1,1,4
0.70,2,1,4
0.69,3,1,4
0.82,4,1,4
3.29,1,2,4
2.00,2,2,4
1.38,3,2,4
1.98,4,2,4
2.67,1,3,4
1.44,2,3,4
1.75,3,3,4
1.56,4,3,4
0.79,1,1,5
0.21,2,1,5
0.01,3,1,5
0.16,4,1,5
1.70,1,2,5
1.44,2,2,5
2.65,3,2,5
2.15,4,2,5
1.62,1,3,5
1.26,2,3,5
1.36,3,3,5
1.87,4,3,5

,
SHAR_EOF
fi,#,end,of,overwriting,check
if,test,-f,'tab12-15.dat'
then
	echo,shar:,will,not,over-write,existing,file,"'tab12-15.dat'"
else
cat,<<,\SHAR_EOF,>,'tab12-15.dat'
1,1,2,1,1,2,92.7,
1,2,1,1,1,2,95.9,
1,2,2,1,1,2,92.7,
1,1,1,1,1,2,92.2,
2,1,2,1,1,1,94.2,
2,2,1,1,1,1,88.6,
2,2,2,1,1,1,89.8,
2,1,1,1,1,1,89.8,
3,1,2,1,1,3,88.7,
3,2,1,1,1,3,92.1,
3,2,2,1,1,3,91.7,
3,1,1,1,1,3,93.4,
1,1,2,1,2,2,81.4,
1,2,1,1,2,2,79.2,
1,2,2,1,2,2,85.5,
1,1,1,1,2,2,81.4,
2,1,2,1,2,1,80.2,
2,2,1,1,2,1,83.7,
2,2,2,1,2,1,83.9,
2,1,1,1,2,1,75.4,
3,1,2,1,2,3,94.2,
3,2,1,1,2,3,91.1,
3,2,2,1,2,3,89.2,
3,1,1,1,2,3,86.2,
1,1,2,2,1,1,91.3,
1,2,1,2,1,1,87.7,
1,2,2,2,1,1,93.6,
1,1,1,2,1,1,92.9,
2,1,2,2,1,3,89.7,
2,2,1,2,1,3,87.8,
2,2,2,2,1,3,90.4,
2,1,1,2,1,3,90.4,
3,1,2,2,1,2,90.3,
3,2,1,2,1,2,90.3,
3,2,2,2,1,2,90.4,
3,1,1,2,1,2,89.7,
1,1,2,2,2,1,68.0,
1,2,1,2,2,1,77.7,
1,2,2,2,2,1,76.2,
1,1,1,2,2,1,72.2,
2,1,2,2,2,3,86.0,
2,2,1,2,2,3,86.6,
2,2,2,2,2,3,79.3,
2,1,1,2,2,3,85.0,
3,1,2,2,2,2,86.7,
3,2,1,2,2,2,83.5,
3,2,2,2,2,2,86.6,
3,1,1,2,2,2,83.0,
1,1,2,3,1,3,86.9,
1,2,1,3,1,3,90.7,
1,2,2,3,1,3,92.1,
1,1,1,3,1,3,90.6,
2,1,2,3,1,2,91.9,
2,2,1,3,1,2,85.4,
2,2,2,3,1,2,85.7,
2,1,1,3,1,2,82.6,
3,1,2,3,1,1,88.4,
3,2,1,3,1,1,86.3,
3,2,2,3,1,1,88.3,
3,1,1,3,1,1,88.6,
1,1,2,3,2,3,78.2,
1,2,1,3,2,3,97.9,
1,2,2,3,2,3,80.2,
1,1,1,3,2,3,85.8,
2,1,2,3,2,2,84.8,
2,2,1,3,2,2,79.5,
2,2,2,3,2,2,86.9,
2,1,1,3,2,2,79.0,
3,1,2,3,2,1,75.8,
3,2,1,3,2,1,71.2,
3,2,2,3,2,1,87.9,
3,1,1,3,2,1,84.5,
SHAR_EOF
fi,#,end,of,overwriting,check
if,test,-f,'tab12-16.dat'
then
	echo,shar:,will,not,over-write,existing,file,"'tab12-16.dat'"
else
cat,<<,\SHAR_EOF,>,'tab12-16.dat'
1,201,301,362,
1,230,296,353,
1,324,543,594,
1,512,778,755,
1,399,644,580,
1,891,1147,961
1,449,585,535,
1,595,807,548,
1,632,804,565,
1,527,749,353,
2,185,236,341,
2,216,256,328,
2,317,397,487,
2,448,639,622,
2,361,483,445,
2,783,998,802,
2,409,525,478,
2,566,843,510,
2,629,841,576,
2,527,823,299,
3,209,226,357,
3,219,212,354,
3,357,358,560,
3,496,545,685,
3,344,415,520,
3,841,833,871,
3,418,451,538,
3,622,719,578,
3,636,735,634,
3,530,731,413,
4,219,330,427,
4,222,301,391,
4,348,521,599
4,487,742,802,
4,372,534,573,
4,773,1051,880,
4,382,570,540,
4,505,737,577,
4,534,791,524
4,434,614,343,
5,225,307,382
5,239,297,321
5,347,463,502
5,512,711,684
5,405,577,467
5,786,1066,763
5,415,610,468
5,549,779,548
5,559,741,621
5,433,706,352,
6,219,342,464
6,216,287,364
6,356,557,584
6,508,768,819
6,377,529,612
6,780,969,1028
6,407,526,651
6,595,772,660
6,626,826,673
6,518,722,424,
,
SHAR_EOF
fi,#,end,of,overwriting,check
if,test,-f,'tab12-3.dat'
then
	echo,shar:,will,not,over-write,existing,file,"'tab12-3.dat'"
else
cat,<<,\SHAR_EOF,>,'tab12-3.dat'
194,1,1,1,1,1,
233,1,1,2,1,1,
265,1,1,3,1,1,
208,1,1,1,2,1,
241,1,1,2,2,1,
269,1,1,3,2,1,
239,1,2,1,1,1,
224,1,2,2,1,1,
243,1,2,3,1,1,
187,1,2,1,2,1,
243,1,2,2,2,1,
226,1,2,3,2,1,
155,2,1,1,1,1,
198,2,1,2,1,1,
235,2,1,3,1,1,
173,2,1,1,2,1,
177,2,1,2,2,1,
229,2,1,3,2,1,
137,2,2,1,1,1,
129,2,2,2,1,1,
155,2,2,3,1,1,
160,2,2,1,2,1,
,98,2,2,2,2,1,
132,2,2,3,2,1,
192,1,1,1,1,2,
217,1,1,2,1,2,
252,1,1,3,1,2,
188,1,1,1,2,2,
222,1,1,2,2,2,
283,1,1,3,2,2,
127,1,2,1,1,2,
123,1,2,2,1,2,
117,1,2,3,1,2,
105,1,2,1,2,2,
123,1,2,2,2,2,
125,1,2,3,2,2,
169,2,1,1,1,2,
187,2,1,2,1,2,
225,2,1,3,1,2,
152,2,1,1,2,2,
196,2,1,2,2,2,
270,2,1,3,2,2,
,82,2,2,1,1,2,
,94,2,2,2,1,2,
,76,2,2,3,1,2,
,82,2,2,1,2,2,
,89,2,2,2,2,2,
105,2,2,3,2,2,
141,1,1,1,1,3
171,1,1,2,1,3
207,1,1,3,1,3
165,1,1,1,2,3
201,1,1,2,2,3
191,1,1,3,2,3
,90,1,2,1,1,3
,79,1,2,2,1,3,
100,1,2,3,1,3
,85,1,2,1,2,3
110,1,2,2,2,3
,75,1,2,3,2,3
151,2,1,1,1,3
176,2,1,2,1,3
166,2,1,3,1,3
141,2,1,1,2,3
167,2,1,2,2,3
183,2,1,3,2,3
,77,2,2,1,1,3
,78,2,2,2,1,3
,91,2,2,3,1,3
,83,2,2,1,2,3
,48,2,2,2,2,3
,67,2,2,3,2,3

SHAR_EOF
fi,#,end,of,overwriting,check
if,test,-f,'tab12-3a.dat'
then
	echo,shar:,will,not,over-write,existing,file,"'tab12-3a.dat'"
else
cat,<<,\SHAR_EOF,>,'tab12-3a.dat'
194,192,141,1,1,1,1
233,217,171,1,1,2,1
265,252,207,1,1,3,1
208,188,165,1,1,1,2
241,222,201,1,1,2,2
269,283,191,1,1,3,2
239,127,90,1,2,1,1
224,123,79,1,2,2,1
243,117,100,1,2,3,1
187,105,85,1,2,1,2
243,123,110,1,2,2,2
226,125,75,1,2,3,2
155,169,151,2,1,1,1
198,187,176,2,1,2,1
235,225,166,2,1,3,1
173,152,141,2,1,1,2
177,196,167,2,1,2,2
229,270,183,2,1,3,2
137,82,77,2,2,1,1
129,94,78,2,2,2,1
155,76,91,2,2,3,1
160,82,83,2,2,1,2
,98,89,48,2,2,2,2
132,105,67,2,2,3,2
SHAR_EOF
fi,#,end,of,overwriting,check
if,test,-f,'tab13-1.dat'
then
	echo,shar:,will,not,over-write,existing,file,"'tab13-1.dat'"
else
cat,<<,\SHAR_EOF,>,'tab13-1.dat'
,1,3.83,28.87,7.20,26.60,6.19,37.01,
,2,2.89,20.10,-11.71,24.40,5.17,26.51
,3,2.86,69.05,12.32,25.70,7.04,36.51
,4,2.92,65.40,14.28,25.70,7.10,40.70
,5,3.06,29.59,6.31,25.40,6.15,37.10
,6,2.07,44.82,6.16,21.60,6.41,33.90
,7,2.52,77.37,12.70,24.90,6.86,41.80
,8,2.45,24.67,-0.17,25.01,5.78,33.40
,9,3.13,65.01,9.85,26.60,6.51,41.01,
10,2.44,9.99,-0.05,28.01,5.57,37.20
11,2.09,12.20,-12.86,23.51,5.62,23.30
12,2.52,22.55,0.92,23.60,5.34,35.20
13,2.22,14.30,4.77,24.51,5.80,34.90
14,2.67,31.79,-0.96,25.80,6.19,33.10
15,2.71,11.60,-16.04,25.20,5.62,22.70
16,3.14,68.47,10.62,25.01,6.94,39.70
17,3.54,42.64,2.66,25.01,6.33,31.80
18,2.52,16.70,-10.99,24.80,6.01,31.70
19,2.68,86.27,15.03,25.51,7.51,43.10
20,2.37,76.73,12.77,24.51,6.96,41.01
SHAR_EOF
fi,#,end,of,overwriting,check
if,test,-f,'tab13-2.dat'
then
	echo,shar:,will,not,over-write,existing,file,"'tab13-2.dat'"
else
cat,<<,\SHAR_EOF,>,'tab13-2.dat'
,1,84,13,5,2,
,2,84,13,7,1,
,3,80,8,6,3,
,4,50,9,5,3,
,5,20,9,3,1,
,6,68,13,5,1,
,7,34,12,7,2,
,8,30,10,3,2,
,9,54,8,5,2,
,10,40,10,5,3,
,11,57,5,6,2,
,12,46,5,7,2,
SHAR_EOF
fi,#,end,of,overwriting,check
if,test,-f,'tab13-3.dat'
then
	echo,shar:,will,not,over-write,existing,file,"'tab13-3.dat'"
else
cat,<<,\SHAR_EOF,>,'tab13-3.dat'
,6.9,38.4,6.1,220,235,
14.4,40.3,4.8,231,307,
,7.4,40.0,6.1,217,212,
,8.5,31.8,0.2,316,365,
,8.0,40.8,3.5,210,218,
,2.8,41.3,1.8,267,235,
,5.0,38.1,1.2,274,285,
12.2,50.8,8.6,190,205,
10.0,32.2,5.2,236,267,
15.2,38.4,6.1,220,300,
26.8,40.3,4.8,231,367,
14.0,32.2,2.4,284,351,
14.7,31.8,0.2,316,379,
,6.4,41.3,1.8,267,275,
17.6,38.1,1.2,274,365,
22.3,50.8,8.6,190,275,
24.8,32.2,5.2,236,360,
26.0,38.4,6.1,220,365,
34.9,40.3,4.8,231,395,
18.2,40.0,6.1,217,272,
23.2,32.2,2.4,284,424,
18.0,31.8,0.2,316,428,
13.1,40.8,3.5,210,273,
16.1,41.3,1.8,267,358,
32.1,38.1,1.2,274,444,
34.7,50.8,8.6,190,345,
31.7,32.2,5.2,236,402,
33.6,38.4,6.1,220,410,
30.4,40.0,6.1,217,340,
26.6,40.8,3.5,210,347,
27.8,41.3,1.8,267,416,
45.7,50.8,8.6,190,407,
SHAR_EOF
fi,#,end,of,overwriting,check
if,test,-f,'tab13-4.dat'
then
	echo,shar:,will,not,over-write,existing,file,"'tab13-4.dat'"
else
cat,<<,\SHAR_EOF,>,'tab13-4.dat'
,1,44,124,80,254,70,190,
,2,35,110,70,240,73,216,
,3,41,114,80,279,68,178,
,4,31,100,80,284,68,149,
,5,61,190,110,315,68,182,
,6,61,130,88,250,70,185,
,7,44,130,94,298,68,161,
,8,58,110,74,384,67,175,
,9,52,120,80,310,66,144,
,10,52,120,80,337,67,130,
,11,52,130,80,367,69,162,
,12,40,120,90,273,68,175,
,13,49,130,75,273,66,155,
,14,34,120,80,314,74,156,
,15,37,115,70,243,65,151,
,16,63,140,90,341,74,168,
,17,28,138,80,245,70,185,
,18,40,115,82,302,69,225,
,19,51,148,110,302,69,247,
,20,33,120,70,386,66,146,
,21,37,110,70,312,71,170,
,22,33,132,90,302,69,161,
,23,41,112,80,394,69,167,
,24,38,114,70,358,69,198,
,25,52,100,78,336,70,162,
,26,31,114,80,251,71,150,
,27,44,110,80,322,68,196,
,28,31,108,70,281,67,130,
,29,40,110,74,336,68,166,
,30,36,110,80,314,73,178,
,31,42,136,82,383,69,187,
,32,28,124,82,360,67,148,
,33,40,120,85,369,71,180,
,34,40,150,100,333,70,172,
,35,35,100,70,253,68,141,
,36,32,120,80,268,68,176,
,37,31,110,80,257,71,154,
,38,52,130,90,474,69,145,
,39,45,110,80,391,69,159,
,40,39,106,80,248,67,181,
,41,40,130,90,520,68,169,
,42,48,110,70,285,66,160,
,43,29,110,70,352,66,149,
,44,56,141,100,428,65,171,
,45,53,90,55,334,68,166,
,46,47,90,60,278,69,121,
,47,30,114,76,264,73,178,
,48,64,140,90,243,71,171,
,49,31,130,88,348,72,181,
,50,35,120,88,290,70,162,
,51,65,130,90,370,65,153,
,52,43,122,82,363,69,164,
,53,53,120,80,343,71,159,
,54,58,138,82,305,67,152,
,55,67,168,105,365,68,190,
,56,53,120,80,307,70,200,
,57,42,134,90,243,67,147,
,58,43,115,75,266,68,125,
,59,52,110,75,341,69,163,
,60,68,110,80,268,62,138,

SHAR_EOF
fi,#,end,of,overwriting,check
if,test,-f,'tab13-5.dat'
then
	echo,shar:,will,not,over-write,existing,file,"'tab13-5.dat'"
else
cat,<<,\SHAR_EOF,>,'tab13-5.dat'
36,27,71,8.1,3.34,11.4,81.5,3243,8.8,42.6,11.7,21,15,59,59,921.870
35,23,72,11.1,3.14,11.0,78.8,4281,3.5,50.7,14.4,8,10,39,57,997.875
44,29,74,10.4,3.21,9.8,81.6,4260,.8,39.4,12.4,6,6,33,54,962.354
47,45,79,6.5,3.41,11.1,77.5,3125,27.1,50.2,20.6,18,8,24,56,982.291
43,35,77,7.6,3.44,9.6,84.6,6441,24.4,43.7,14.3,43,38,206,55,1071.289
53,45,80,7.7,3.45,10.2,66.8,3325,38.5,43.1,25.5,30,32,72,54,1030.380
43,30,74,10.9,3.23,12.1,83.9,4679,3.5,49.2,11.3,21,32,62,56,934.700
45,30,73,9.3,3.29,10.6,86.0,2140,5.3,40.4,10.5,6,4,4,56,899.529
36,24,70,9.0,3.31,10.5,83.2,6582,8.1,42.5,12.6,18,12,37,61,1001.902
36,27,72,9.5,3.36,10.7,79.3,4213,6.7,41.0,13.2,12,7,20,59,912.347
52,42,79,7.7,3.39,9.6,69.2,2302,22.2,41.3,24.2,18,8,27,56,1017.613
33,26,76,8.6,3.20,10.9,83.4,6122,16.3,44.9,10.7,88,63,278,58,1024.885
40,34,77,9.2,3.21,10.2,77.0,4101,13.0,45.7,15.1,26,26,146,57,970.467
35,28,71,8.8,3.29,11.1,86.3,3042,14.7,44.6,11.4,31,21,64,60,985.950
37,31,75,8.0,3.26,11.9,78.4,4259,13.1,49.6,13.9,23,9,15,58,958.839
35,46,85,7.1,3.22,11.8,79.9,1441,14.8,51.2,16.1,1,1,1,54,860.101
36,30,75,7.5,3.35,11.4,81.9,4029,12.4,44.0,12.0,6,4,16,58,936.234
15,30,73,8.2,3.15,12.2,84.2,4824,4.7,53.1,12.7,17,8,28,38,871.766
31,27,74,7.2,3.44,10.8,87.0,4834,15.8,43.5,13.6,52,35,124,59,959.221
30,24,72,6.5,3.53,10.8,79.5,3694,13.1,33.8,12.4,11,4,11,61,941.181
31,45,85,7.3,3.22,11.4,80.7,1844,11.5,48.1,18.5,1,1,1,53,891.708
31,24,72,9.0,3.37,10.9,82.8,3226,5.1,45.2,12.3,5,3,10,61,871.338
42,40,77,6.1,3.45,10.4,71.8,2269,22.7,41.4,19.5,8,3,5,53,971.122
43,27,72,9.0,3.25,11.5,87.1,2909,7.2,51.6,9.5,7,3,10,56,887.466
46,55,84,5.6,3.35,11.4,79.7,2647,21.0,46.9,17.9,6,5,1,59,952.529
39,29,75,8.7,3.23,11.4,78.6,4412,15.6,46.6,13.2,13,7,33,60,968.665
35,31,81,9.2,3.10,12.0,78.3,3262,12.6,48.6,13.9,7,4,4,55,919.729
43,32,74,10.1,3.38,9.5,79.2,3214,2.9,43.7,12.0,11,7,32,54,844.053
11,53,68,9.2,2.99,12.1,90.6,4700,7.8,48.9,12.3,648,319,130,47,861.833
30,35,71,8.3,3.37,9.9,77.4,4474,13.1,42.6,17.7,38,37,193,57,989.265
50,42,82,7.3,3.49,10.4,72.5,3497,36.7,43.3,26.4,15,18,34,59,1006.490
60,67,82,10.0,2.98,11.5,88.6,4657,13.5,47.3,22.4,3,1,1,60,861.439
30,20,69,8.8,3.26,11.1,85.4,2934,5.8,44.0,9.4,33,23,125,64,929.150
25,12,73,9.2,3.28,12.1,83.1,2095,2.0,51.9,9.8,20,11,26,58,857.622
45,40,80,8.3,3.32,10.1,70.3,2682,21.0,46.1,24.1,17,14,78,56,961.009
46,30,72,10.2,3.16,11.3,83.2,3327,8.8,45.3,12.2,4,3,8,58,923.234
54,54,81,7.4,3.36,9.7,72.8,3172,31.4,45.5,24.2,20,17,1,62,1113.156
42,33,77,9.7,3.03,10.7,83.5,7462,11.3,48.7,12.4,41,26,108,58,994.648
42,32,76,9.1,3.32,10.5,87.5,6092,17.5,45.3,13.2,29,32,161,54,1015.023
36,29,72,9.5,3.32,10.6,77.6,3437,8.1,45.5,13.8,45,59,263,56,991.290
37,38,67,11.3,2.99,12.0,81.5,3387,3.6,50.3,13.5,56,21,44,73,893.991
42,29,72,10.7,3.19,10.1,79.5,3508,2.2,38.8,15.7,6,4,18,56,938.500
41,33,77,11.2,3.08,9.6,79.9,4843,2.7,38.6,14.1,11,11,89,54,946.185
44,39,78,8.2,3.32,11.0,79.9,3768,28.6,49.5,17.5,12,9,48,53,1025.502
32,25,72,10.9,3.21,11.1,82.5,4355,5.0,46.4,10.8,7,4,18,60,874.281
SHAR_EOF
fi,#,end,of,overwriting,check
if,test,-f,'tab16-1.dat'
then
	echo,shar:,will,not,over-write,existing,file,"'tab16-1.dat'"
else
cat,<<,\SHAR_EOF,>,'tab16-1.dat'
48.0,1,1
49.3,1,1
51.7,1,1
60.3,1,1
68.0,1,2
36.3,1,2
37.0,1,2
40.5,2,1,
51.3,2,1,
54.5,2,2,
42.8,2,2,
50.2,2,2
SHAR_EOF
fi,#,end,of,overwriting,check
if,test,-f,'tab16-13.dat'
then
	echo,shar:,will,not,over-write,existing,file,"'tab16-13.dat'"
else
cat,<<,\SHAR_EOF,>,'tab16-13.dat'
8,1,1,1
17,1,2,1
22,1,3,1
7,2,1,1
26,2,2,1
34,2,3,1
10,3,1,1
24,3,2,1
39,3,3,1
13,1,2,1
20,1,3,1
10,2,1,1
24,2,2,1
9,3,1,1
36,3,3,1
5,1,1,2
11,1,2,2
16,1,3,2
3,2,1,2
17,2,2,2
32,2,3,2
5,3,1,2
16,3,2,2
33,3,3,2
4,1,1,2
10,1,2,2
15,1,3,2
5,2,1,2
19,2,2,2
29,2,3,2
4,3,1,2
34,3,3,2
SHAR_EOF
fi,#,end,of,overwriting,check
if,test,-f,'tab16-18.dat'
then
	echo,shar:,will,not,over-write,existing,file,"'tab16-18.dat'"
else
cat,<<,\SHAR_EOF,>,'tab16-18.dat'
,376,1,1,4
,316,2,1,2
,326,3,1,3
,317,4,1,5
,321,5,1,1
,371,1,2,5
,338,2,2,4
,326,3,2,1
,343,4,2,2
,332,5,2,3
,355,1,3,3
,336,2,3,5
,335,3,3,2
,330,4,3,1
,317,5,3,4
,356,1,4,2,
,356,2,4,1
,343,3,4,4
,327,4,4,3
,318,5,4,5
SHAR_EOF
fi,#,end,of,overwriting,check
if,test,-f,'tab16-23.dat'
then
	echo,shar:,will,not,over-write,existing,file,"'tab16-23.dat'"
else
cat,<<,\SHAR_EOF,>,'tab16-23.dat'
,1,A,7,B,17,
,2,C,26,D,25,
,3,E,33,F,29,
,4,A,25,E,40,
,5,B,25,D,34,
,6,C,34,F,32,
,7,A,10,D,25,
,8,C,24,E,26,
,9,A,17,C,27,
10,B,23,E,27,
11,D,29,F,30,
12,A,11,F,27,
13,B,24,C,21,
14,D,26,E,32,
15,B,26,F,37,
SHAR_EOF
fi,#,end,of,overwriting,check
if,test,-f,'tab16-24.dat'
then
	echo,shar:,will,not,over-write,existing,file,"'tab16-24.dat'"
else
cat,<<,\SHAR_EOF,>,'tab16-24.dat'
,1,TL,14.7,TH,15.4,SH,14.8,
,2,TL,15.1,TH,15.0,SH,15.8,
,3,TH,14.4,SH,13.8,TL,14.4,
,4,TH,16.2,TL,14.0,SH,13.0,
,5,TH,15.8,SH,16.0,TL,15.0,
,6,TH,15.8,TL,14.3,SL,14.8,
,7,TH,17.0,TL,16.5,SL,15.0,
,8,TL,13.6,SL,15.3,TH,17.2,
,9,TL,14.0,TH,13.8,SL,14.0,
10,TL,13.0,SL,13.4,TH,13.8,
11,SL,13.8,SH,17.0,TH,16.0,
12,SL,12.0,SH,13.8,TH,14.0,
13,SH,14.6,TH,15.4,SL,14.0,
14,SH,13.0,SL,14.0,TH,14.0,
15,SH,15.2,TH,16.2,SL,15.0,
16,SH,15.0,SL,14.5,TL,14.0,
17,SH,15.0,SL,14.0,TL,14.6,
18,SL,15.8,TL,15.0,SH,15.2,
19,SL,13.2,SH,16.0,TL,14.9,
20,SL,14.2,TL,14.1,SH,15.0,

SHAR_EOF
fi,#,end,of,overwriting,check
if,test,-f,'tab16-25.dat'
then
	echo,shar:,will,not,over-write,existing,file,"'tab16-25.dat'"
else
cat,<<,\SHAR_EOF,>,'tab16-25.dat'
1,1,.615,
1,2,.62
1,3,.60
1,4,.60
2,1,.635
2,2,.635
2,3,.66
2,4,.63
3,1,.59
3,2,.605
3,3,.60
3,4,.59
4,1,.745
4,2,.74
4,3,.735
4,4,.745
5,1,.695
5,2,.695
5,3,.68
5,4,.695
6,1,.64
6,2,.635
6,3,.635
6,4,.63
7,1,.655
7,2,.665
7,3,.65
7,4,.65
8,1,.64
8,2,.645
8,3,.62
8,4,.61
9,1,.67
9,2,.675
9,3,.67
9,4,.665
10,1,.655
10,2,.66
10,3,.645
10,4,.65



SHAR_EOF
fi,#,end,of,overwriting,check
if,test,-f,'tab16-26.dat'
then
	echo,shar:,will,not,over-write,existing,file,"'tab16-26.dat'"
else
cat,<<,\SHAR_EOF,>,'tab16-26.dat'
A,35,42,31,30,*,
B,41,45,*,32,40,
C,*,40,42,33,39,
D,32,*,33,35,36,
E,40,38,35,*,37,
SHAR_EOF
fi,#,end,of,overwriting,check
if,test,-f,'tab16-7.dat'
then
	echo,shar:,will,not,over-write,existing,file,"'tab16-7.dat'"
else
cat,<<,\SHAR_EOF,>,'tab16-7.dat'
,1,1,19,
,1,2,17,
,1,3,11,
,2,4,6,
,2,5,26,
,2,6,23,
,3,7,21,
,3,8,19,
,3,9,28,
,4,1,20,
,4,4,7,
,4,7,20,
,5,2,17,
,5,5,26,
,5,8,19,
,6,3,15,
,6,6,23,
,6,9,31,
,7,1,20,
,7,5,26,
,7,9,31,
,8,2,16,
,8,6,23,
,8,7,21,
,9,3,13,
,9,4,7,
,9,8,20,
10,1,20,
10,6,24,
10,8,19,
11,2,17,
11,4,6,
11,9,29,
12,3,14,
12,5,24,
12,7,21
SHAR_EOF
fi,#,end,of,overwriting,check
if,test,-f,'tab17-10.dat'
then
	echo,shar:,will,not,over-write,existing,file,"'tab17-10.dat'"
else
cat,<<,\SHAR_EOF,>,'tab17-10.dat'
,1,1,1,1,1,2,2,0.43,0.78
,2,2,2,1,2,2,2,0.52,1.10
,3,3,2,2,1,1,1,0.58,1.70
,4,4,2,1,2,1,1,0.55,1.28
,5,5,1,2,1,1,2,0.58,0.97
,6,6,1,1,2,1,2,0.60,1.47
,7,7,1,2,1,2,1,1.04,1.85
,8,8,2,2,2,2,1,0.53,2.10
,9,9,1,2,2,2,2,0.38,0.76
,10,10,2,2,1,2,2,0.41,0.62
,11,11,1,1,2,2,1,0.66,1.09
,12,12,1,1,1,1,1,0.55,1.13
,13,13,2,1,1,1,2,0.65,1.25
,14,14,2,2,2,1,2,0.72,0.98
,15,15,2,1,1,2,1,0.48,1.36
,16,16,1,2,2,1,1,0.68,1.18

SHAR_EOF
fi,#,end,of,overwriting,check
if,test,-f,'tab17-3.dat'
then
	echo,shar:,will,not,over-write,existing,file,"'tab17-3.dat'"
else
cat,<<,\SHAR_EOF,>,'tab17-3.dat'
56.0,1,0,0,0,
59.0,1,1,1,0,
55.0,2,0,0,1,
55.8,2,1,1,1,
53.2,1,0,1,1,
57.2,1,1,0,1,
69.5,2,1,0,0,
62.8,2,0,1,0,
48.8,3,0,1,1,
51.5,3,0,0,0,
56.0,4,0,1,0,
58.5,4,1,1,1,
49.8,3,1,0,1,
52.0,3,1,1,0,
55.5,4,0,0,1,
59.8,4,1,0,0,
44.2,5,0,1,0,
48.8,5,1,1,1,
57.0,6,1,0,1,
62.8,6,1,1,0,
45.5,5,0,0,1,
62.0,5,1,0,0,
46.8,6,0,0,0,
49.5,6,0,1,1,
,
SHAR_EOF
fi,#,end,of,overwriting,check
if,test,-f,'tab17-6.dat'
then
	echo,shar:,will,not,over-write,existing,file,"'tab17-6.dat'"
else
cat,<<,\SHAR_EOF,>,'tab17-6.dat'
1,1,0,0,59.8,
1,1,1,1,58.5,
2,0,0,1,55.5,
2,0,1,0,56.0,
3,1,0,1,57.2,
3,1,1,0,59.0,
4,0,1,1,53.2,
4,0,0,0,56.0,
5,0,1,1,49.5,
5,1,1,0,62.8,
6,1,0,1,57.0,
6,0,0,0,46.8,
7,1,1,1,55.8,
7,0,1,0,62.8,
8,1,0,0,69.5,
8,0,0,1,55.0,
SHAR_EOF
fi,#,end,of,overwriting,check
if,test,-f,'tab18-1.dat'
then
	echo,shar:,will,not,over-write,existing,file,"'tab18-1.dat'"
else
cat,<<,\SHAR_EOF,>,'tab18-1.dat'
134.5,19.1,623,5.74,218
108.0,20.0,623,5.50,189
,68.6,19.9,623,5.44,192
,49.5,20.0,623,5.55,174,
,41.7,20.0,623,5.45,152,
,29.4,19.9,623,6.31,139,
,22.5,20.0,623,5.39,118,
,17.2,19.9,623,5.60,120,
,17.0,19.7,623,5.61,122,
,22.8,20.0,623,5.54,132,
,41.3,20.0,623,5.52,167,
,59.6,20.0,623,5.53,208,
119.7,20.0,623,5.50,216,
158.2,20.0,623,5.48,294,
,23.3,20.0,648,5.65,229,
,40.8,20.0,648,5.95,296,
140.3,20.0,648,5.98,547,
140.8,19.9,648,5.96,582,
141.2,20.0,648,5.64,480,
140.0,19.7,648,5.56,493,
121.2,19.96,648,6.06,513,
104.7,19.7,648,5.63,411,
,40.8,20.0,648,6.09,349,
,22.6,20.0,648,5.88,226,
,55.2,20.0,648,5.64,338,
,55.4,20.0,648,5.64,351,
,29.5,20.0,648,5.63,295,
,30.0,20.0,648,5.64,294,
,16.3,20.0,648,5.61,233,
,16.5,20.0,648,5.63,222,
,20.4,12.5,648,5.70,188,
,20.5,16.6,648,5.67,231,
,20.8,20.0,648,5.63,239,
,21.3,30.0,648,5.63,301,
,19.6,43.3,648,5.62,252,
,20.6,20.0,648,5.72,217,
,20.5,30.0,648,5.43,276,
,20.3,42.7,648,5.60,467,
,16.0,19.1,673,5.88,429,
,23.5,20.0,673,6.01,475,
132.8,20.0,673,6.48,1129,
107.7,20.0,673,6.26,957,
,68.5,20.0,673,6.40,745,
,47.2,19.7,673,5.82,649,
,42.5,20.3,673,5.86,742,
,30.1,20.0,673,5.87,662,
,11.2,20.0,673,5.87,373,
,17.1,20.0,673,5.84,440,
,65.8,20.0,673,5.85,662,
108.2,20.0,673,5.86,724,
123.5,20.0,673,5.85,915,
160.0,20.0,673,5.81,944,
,66.4,20.0,673,5.87,713,
,66.5,20.0,673,5.88,736,
SHAR_EOF
fi,#,end,of,overwriting,check
if,test,-f,'tab2-1.dat'
then
	echo,shar:,will,not,over-write,existing,file,"'tab2-1.dat'"
else
cat,<<,\SHAR_EOF,>,'tab2-1.dat'
,59,
,54,
,56,
,59,
,57,
,52,
,52,
,61,
,59,
,53,
,59,
,51,
,51,
,56,
,58,
,46,
,53,
,57,
,60,
,52,
,49,
,56,
,46,
,51,
,63,
,49,
,57,
SHAR_EOF
fi,#,end,of,overwriting,check
if,test,-f,'tab2-2.dat'
then
	echo,shar:,will,not,over-write,existing,file,"'tab2-2.dat'"
else
cat,<<,\SHAR_EOF,>,'tab2-2.dat'
,98,
103,
103,
105,
109,
123,
123,
133,
133,
133,
134,
136,
138,
138,
141,
147,
149,
153,
155,
155,
158,
159,
162,
177,
SHAR_EOF
fi,#,end,of,overwriting,check
if,test,-f,'tab2-3.dat'
then
	echo,shar:,will,not,over-write,existing,file,"'tab2-3.dat'"
else
cat,<<,\SHAR_EOF,>,'tab2-3.dat'
,1,28.87,
,2,20.10,
,3,69.05,
,4,65.40,
,5,29.59,
,6,44.82,
,7,77.37,
,8,24.67,
,9,65.01,
10,9.99,
11,12.20,
12,22.55,
13,14.30,
14,31.79,
15,11.60,
16,68.47,
17,42.64,
18,16.70,
19,86.27,
20,76.73,
SHAR_EOF
fi,#,end,of,overwriting,check
if,test,-f,'tab2-4.dat'
then
	echo,shar:,will,not,over-write,existing,file,"'tab2-4.dat'"
else
cat,<<,\SHAR_EOF,>,'tab2-4.dat'
4.781,4.764,4.777,4.809,4.761,4.769,4.795,4.776,
4.765,4.790,4.792,4.806,4.769,4.771,4.785,4.779,
4.758,4.779,4.792,4.789,4.805,4.788,4.764,4.785,
4.779,4.772,4.768,4.772,4.810,4.790,4.775,4.789,
4.801,4.791,4.799,4.777,4.772,4.764,4.785,4.788,
4.779,4.749,4.791,4.774,4.783,4.783,4.797,4.781,
4.782,4.778,4.808,4.740,4.790,4.767,4.791,4.771,
4.775,4.747,
SHAR_EOF
fi,#,end,of,overwriting,check
if,test,-f,'tab4-1.dat'
then
	echo,shar:,will,not,over-write,existing,file,"'tab4-1.dat'"
else
cat,<<,\SHAR_EOF,>,'tab4-1.dat'
,1,50.9,44.3
,2,44.8,25.7
,3,51.6,39.5
,4,43.8,19.3
,5,49.0,43.2
,6,45.4,26.9
,7,44.9,34.5
,8,49.0,37.4
,9,53.4,38.1
10,48.5,33.0
11,46.0,32.6
12,49.0,35.4
13,43.4,36.2
14,44.4,32.5
15,46.6,31.5
16,50.4,38.1
17,45.9,35.2
18,47.3,33.4
19,46.6,30.7
20,47.3,36.8
21,48.7,36.8
22,44.9,36.7
23,46.8,37.1
24,49.6,37.8
25,51.4,33.5
26,45.8,37.5
27,48.5,38.3

SHAR_EOF
fi,#,end,of,overwriting,check
if,test,-f,'tab4-10.dat'
then
	echo,shar:,will,not,over-write,existing,file,"'tab4-10.dat'"
else
cat,<<,\SHAR_EOF,>,'tab4-10.dat'
,74.93,74.91
132.81,132.91
,93.3,92.91
126.932,126.92
,82.9,83.7
138.90,138.92
190.8,191.5
,39.10,39.096
225.97,226.05
173.5,173.04
SHAR_EOF
fi,#,end,of,overwriting,check
if,test,-f,'tab4-11.dat'
then
	echo,shar:,will,not,over-write,existing,file,"'tab4-11.dat'"
else
cat,<<,\SHAR_EOF,>,'tab4-11.dat'
60,52,
63,53,
57,44,
53,48,
56,48,
57,53,
SHAR_EOF
fi,#,end,of,overwriting,check
if,test,-f,'tab4-12.dat'
then
	echo,shar:,will,not,over-write,existing,file,"'tab4-12.dat'"
else
cat,<<,\SHAR_EOF,>,'tab4-12.dat'
1,18,7,
2,9,11,
3,7,11,
4,6,4,
5,10,8,
6,7,12,
7,13,5,
8,1,11,
SHAR_EOF
fi,#,end,of,overwriting,check
if,test,-f,'tab4-13.dat'
then
	echo,shar:,will,not,over-write,existing,file,"'tab4-13.dat'"
else
cat,<<,\SHAR_EOF,>,'tab4-13.dat'
240,65,
240,80,
240,65,
240,85,
240,30,
400,75,
400,35,
400,140,
400,90,
400,110,
SHAR_EOF
fi,#,end,of,overwriting,check
if,test,-f,'tab4-14.dat'
then
	echo,shar:,will,not,over-write,existing,file,"'tab4-14.dat'"
else
cat,<<,\SHAR_EOF,>,'tab4-14.dat'
29,201,301,
30,230,296,
31,324,543,
32,512,778,
33,399,644,
34,891,1147,
35,449,585,
36,595,807,
37,632,804,
38,527,749,
SHAR_EOF
fi,#,end,of,overwriting,check
if,test,-f,'tab4-15.dat'
then
	echo,shar:,will,not,over-write,existing,file,"'tab4-15.dat'"
else
cat,<<,\SHAR_EOF,>,'tab4-15.dat'
1,423,414,
2,326,127,
3,246,206,
4,141,78,
5,208,172,
6,303,45,
7,256,103
SHAR_EOF
fi,#,end,of,overwriting,check
if,test,-f,'tab4-2.dat'
then
	echo,shar:,will,not,over-write,existing,file,"'tab4-2.dat'"
else
cat,<<,\SHAR_EOF,>,'tab4-2.dat'
,0,165
,0,175
,0,170
,0,150
,1,140
,1,135
,1,150
,0,90
,1,135
,1,110
,1,85
,1,125
,1,155
,1,115
,0,130
,1,145
,0,175
,0,160
,1,120
,1,145
,1,90
,1,170
,0,115
,0,85
,0,95
,1,125
,1,110
,1,140
,1,145
,1,105
,0,125
,0,135
,1,140
,1,95
,0,165
,1,135
,0,150


SHAR_EOF
fi,#,end,of,overwriting,check
if,test,-f,'tab4-2a.dat'
then
	echo,shar:,will,not,over-write,existing,file,"'tab4-2a.dat'"
else
cat,<<,\SHAR_EOF,>,'tab4-2a.dat'
,1,140,165
,2,135,175
,3,150,170
,4,135,150
,5,110,90
,6,85,130
,7,125,175
,8,155,160
,9,115,115
,10,145,85
,11,120,95
,12,145,125
,13,90,135
,14,170,165
,15,125,150
,16,110,
,17,140,
,18,145,
,19,105,
,20,140,
,21,95,
,22,135,


SHAR_EOF
fi,#,end,of,overwriting,check
if,test,-f,'tab4-3.dat'
then
	echo,shar:,will,not,over-write,existing,file,"'tab4-3.dat'"
else
cat,<<,\SHAR_EOF,>,'tab4-3.dat'
,38,37,
,38,35,
,42,35,
,42,39,
,44,38,
,50,37,
,46,39
,51,39
,51,38
,51,40
,48,40
,49,40
,51,43
,51,41
,53,41
,57,41
,55,40
,56,44
,63,42
,60,45
,62,45
,63,45
,61,46
,67,47
SHAR_EOF
fi,#,end,of,overwriting,check
if,test,-f,'tab4-4.dat'
then
	echo,shar:,will,not,over-write,existing,file,"'tab4-4.dat'"
else
cat,<<,\SHAR_EOF,>,'tab4-4.dat'
,61,129,
,59,122,
,53,133,
,59,122,
,51,140,
,51,119,
,56,108,
,58,138,
,46,107,
,53,122,

SHAR_EOF
fi,#,end,of,overwriting,check
if,test,-f,'tab4-5.dat'
then
	echo,shar:,will,not,over-write,existing,file,"'tab4-5.dat'"
else
cat,<<,\SHAR_EOF,>,'tab4-5.dat'
115,1
117,1
133,1
115,1
,95,1
107,1
,90,1
,91,1
,91,1
112,1
132,2
,84,2
133,2
118,2
,87,2
,88,2
119,2
SHAR_EOF
fi,#,end,of,overwriting,check
if,test,-f,'tab4-6.dat'
then
	echo,shar:,will,not,over-write,existing,file,"'tab4-6.dat'"
else
cat,<<,\SHAR_EOF,>,'tab4-6.dat'
1,14.8,
1,7.3,
1,5.6,
1,6.3,
1,9.0,
1,4.2,
1,10.6,
1,12.5,
1,12.9,
1,16.1,
1,11.4,
1,2.7
2,12.7,
2,16.9,
2,7.6,
2,2.4,
2,6.2,
2,9.9,
2,14.2,
2,7.9,
2,11.3,
2,6.4,
2,6.1,
2,10.6,
2,12.6,
2,16.0,
2,8.3,
2,9.1,
2,15.3,
2,14.8,
2,2.1,
2,10.6,
2,6.7,
2,6.7,
2,10.6,
2,5.0,
2,17.7,
2,5.6,
2,3.6,
2,18.6,
2,1.8,
2,2.6,
2,11.8,
2,5.6,
2,1.0,
2,3.2,
2,5.9,
2,4.0
SHAR_EOF
fi,#,end,of,overwriting,check
if,test,-f,'tab4-7.dat'
then
	echo,shar:,will,not,over-write,existing,file,"'tab4-7.dat'"
else
cat,<<,\SHAR_EOF,>,'tab4-7.dat'
,98,93,
103,94,
103,96,
105,101,
109,102,
123,103,
123,104,
133,106,
133,107,
133,112,
134,113,
136,114,
138,116,
138,117,
141,117,
147,119,
149,120,
153,120,
155,121,
155,125,
158,127,
159,128,
162,131,
177,135,
SHAR_EOF
fi,#,end,of,overwriting,check
if,test,-f,'tab4-8.dat'
then
	echo,shar:,will,not,over-write,existing,file,"'tab4-8.dat'"
else
cat,<<,\SHAR_EOF,>,'tab4-8.dat'
324,1
366,1
322,1
398,1
448,1
372,1
344,1
390,1
434,1
350,1
364,1
428,2
366,2
386,2
404,2
414,2
396,2
399,2
412,2
436,2
452,2
SHAR_EOF
fi,#,end,of,overwriting,check
if,test,-f,'tab4-9.dat'
then
	echo,shar:,will,not,over-write,existing,file,"'tab4-9.dat'"
else
cat,<<,\SHAR_EOF,>,'tab4-9.dat'
,82,82
,80,90
,88,91
108,115
116,115
117,129
132,131,
,71,78,
,75,79,
,93,82,
,95,97,
,88,100,
111,107,
,63,68,
,77,73,
,86,81,
,83,85,
,93,87,
,97,87,
,87,93,
,94,94,
,96,95,
112,97,
113,97,
106,103,
107,106,
,98,111

SHAR_EOF
fi,#,end,of,overwriting,check
if,test,-f,'tab5-1.dat'
then
	echo,shar:,will,not,over-write,existing,file,"'tab5-1.dat'"
else
cat,<<,\SHAR_EOF,>,'tab5-1.dat'
21,1
55,1,
42,1
25,1
48,1
22,1
42,1
53,1
21,1
21,1
31,1
28,1
24,1
53,1
66,1
90,1
27,1
48,1
47,1
49,1
53,1
62,1
31,1
31,1
32,1
43,1
57,1
42,1
34,1
39,1
24,1
79,1
46,1
52,1,
27,1
76,1
44,1
35,1
32,1
26,1
51,1
19,1
27,1
58,1
27,2
22,2
20,2
51,2
60,2
15,2
19,2
24,2
24,2
18,2
43,2
50,2
31,2
29,2
21,2
27,2
34,2
76,2
35,2
55,2
24,2
68,2
45,2
57,2
22,2
48,2
48,2
14,2
52,2
29,2
21,2
28,2
17,2
38,2,
26,3
17,3
24,3
22,3
16,3
21,3
36,3
18,3
48,3
20,3
35,3
23,3
25,3
23,3
22,3
SHAR_EOF
fi,#,end,of,overwriting,check
if,test,-f,'tab5-10.dat'
then
	echo,shar:,will,not,over-write,existing,file,"'tab5-10.dat'"
else
cat,<<,\SHAR_EOF,>,'tab5-10.dat'
,1,132
,1,84
,1,133
,1,118
,1,87
,1,88
,1,119
,2,68
,2,63
,2,80
,2,63
,2,89
,2,68
,2,52
,2,80
,2,61
,2,69
,3,115
,3,117
,3,133
,3,115
,3,95
,3,107
,3,90
,3,91
,3,91
,3,112
SHAR_EOF
fi,#,end,of,overwriting,check
if,test,-f,'tab5-11.dat'
then
	echo,shar:,will,not,over-write,existing,file,"'tab5-11.dat'"
else
cat,<<,\SHAR_EOF,>,'tab5-11.dat'
1,3.1,
1,3.0,
1,1.9,
1,3.8,
1,4.1,
1,1.9,
2,8.3,
2,3.8,
2,3.9,
2,7.8,
2,9.1,
2,15.4,
2,7.7,
2,6.5,
2,5.7,
2,13.6,
3,10.2,
3,9.2,
3,9.6,
3,53.8,
3,15.8,
SHAR_EOF
fi,#,end,of,overwriting,check
if,test,-f,'tab5-12.dat'
then
	echo,shar:,will,not,over-write,existing,file,"'tab5-12.dat'"
else
cat,<<,\SHAR_EOF,>,'tab5-12.dat'
0.5,163,
0.5,182,
1.0,978,
1.0,466,
1.0,549
4.0,495,
4.0,723,
4.0,681,
4.5,619,
4.5,1049,
4.5,1033,
5.0,890,
5.0,1522,
5.0,1194,
5.5,987,
6.0,764,
6.0,1373,
SHAR_EOF
fi,#,end,of,overwriting,check
if,test,-f,'tab5-9.dat'
then
	echo,shar:,will,not,over-write,existing,file,"'tab5-9.dat'"
else
cat,<<,\SHAR_EOF,>,'tab5-9.dat'
60,57,19.8,52,
63,52,19.5,53,
57,55,19.7,44,
53,59,21.6,48,
56,56,21.1,48,
57,54,19.3,53,
SHAR_EOF
fi,#,end,of,overwriting,check
if,test,-f,'tab6-1.dat'
then
	echo,shar:,will,not,over-write,existing,file,"'tab6-1.dat'"
else
cat,<<,\SHAR_EOF,>,'tab6-1.dat'
133,1
129,1
123,1
156,1
129,2,
125,2,
136,2,
127,2,
121,3,
125,3,
109,3,
128,3,
,57,4
,58,4
,59,4
,67,4
122,5
,98,5
107,5
110,5
109,6
120,6
112,6
107,6
,80,7
,72,7
,76,7
,64,7
135,8
151,8
143,8
142,8
,69,9
,69,9
,73,9
,70,9
132,10
129,10
141,10
137,10
118,11
109,11
115,11
106,11
133,12
133,12
129,12
128,12
,86,13
,84,13
,96,13
,81,13
SHAR_EOF
fi,#,end,of,overwriting,check
if,test,-f,'tab7-1.dat'
then
	echo,shar:,will,not,over-write,existing,file,"'tab7-1.dat'"
else
cat,<<,\SHAR_EOF,>,'tab7-1.dat'
,1,7.20,37.01,
,2,-11.71,26.51
,3,12.32,36.51
,4,14.28,40.70
,5,6.31,37.10
,6,6.16,33.90
,7,12.70,41.80
,8,-0.17,33.40
,9,9.85,41.01,
10,-0.05,37.20
11,-12.86,23.30
12,0.92,35.20
13,4.77,34.90
14,-0.96,33.10
15,-16.04,22.70
16,10.62,39.70
17,2.66,31.80
18,-10.99,31.70
19,15.03,43.10
20,12.77,41.01
SHAR_EOF
fi,#,end,of,overwriting,check
if,test,-f,'tab7-10.dat'
then
	echo,shar:,will,not,over-write,existing,file,"'tab7-10.dat'"
else
cat,<<,\SHAR_EOF,>,'tab7-10.dat'
,4,309.2
,4,409.5
,4,311.0
,4,326.5
,4,316.8
,4,349.8
,4,309.7
,6,402.1
,6,347.2
,6,361.0
,6,404.5
,6,331.0
,6,348.9
,6,381.7
,8,392.4
,8,366.2
,8,351.0
,8,357.1
,8,409.9
,8,367.3
,8,382.0
,10,346.7
,10,452.9
,10,461.4
,10,433.1
,10,410.6
,10,384.2
,10,362.6
,12,407.4
,12,441.8
,12,419.9
,12,410.7
,12,473.4
,12,441.2
,12,465.8

SHAR_EOF
fi,#,end,of,overwriting,check
if,test,-f,'tab7-14.dat'
then
	echo,shar:,will,not,over-write,existing,file,"'tab7-14.dat'"
else
cat,<<,\SHAR_EOF,>,'tab7-14.dat'
0.5,163,
0.5,182,
1.0,978,
1.0,466,
1.0,549
4.0,495,
4.0,723,
4.0,681,
4.5,619,
4.5,1049,
4.5,1033,
5.0,890,
5.0,1522,
5.0,1194,
5.5,987,
6.0,764,
6.0,1373,

SHAR_EOF
fi,#,end,of,overwriting,check
if,test,-f,'tab7-15.dat'
then
	echo,shar:,will,not,over-write,existing,file,"'tab7-15.dat'"
else
cat,<<,\SHAR_EOF,>,'tab7-15.dat'
-229,51.3333
-139,51.3333,
,140,51.1667
,390,30.0
,880,35.0
1070,34.0
1300,32.0
1460,30.0
1500,28.4
1500,29.2667
1570,29.9167
1570,31.5
1600,31.0
1656,29.0333
1672,28.90,
1738,28.3333


SHAR_EOF
fi,#,end,of,overwriting,check
if,test,-f,'tab7-16.dat'
then
	echo,shar:,will,not,over-write,existing,file,"'tab7-16.dat'"
else
cat,<<,\SHAR_EOF,>,'tab7-16.dat'
353.24,354.62,
353.24,354.26,
353.24,354.29,
353.24,354.38,
234.16,234.45,
234.16,234.06,
234.16,234.61,
234.16,234.48,
SHAR_EOF
fi,#,end,of,overwriting,check
if,test,-f,'tab7-17.dat'
then
	echo,shar:,will,not,over-write,existing,file,"'tab7-17.dat'"
else
cat,<<,\SHAR_EOF,>,'tab7-17.dat'
100,49,
117,47,
98,69,
87,47,
106,45,
134,55,
77,72,
107,59,
125,27,
105,50,
89,72,
96,45,
105,47,
95,46,
126,67,
111,666,
121,59,
106,49,
134,78,
125,39,
140,66,
137,69,
142,68,
130,71,
92,31,
125,53,
120,64,
107,43,
121,75,
90,40,
132,80,
116,55,
137,73,
113,48,
110,41,
114,29,
122,66,
130,63,
116,43,
101,44,
92,50,
120,60,
80,31,
117,55,
93,50

SHAR_EOF
fi,#,end,of,overwriting,check
if,test,-f,'tab7-18.dat'
then
	echo,shar:,will,not,over-write,existing,file,"'tab7-18.dat'"
else
cat,<<,\SHAR_EOF,>,'tab7-18.dat'
80,25,
80,10,
80,20,
80,32,
80,20,
160,60,
160,35,
160,20,
160,45,
160,40,
240,65,
240,80,
240,65,
240,85,
240,30,
320,70,
320,110,
320,30,
320,55,
320,60,
400,75,
400,35,
400,140,
400,90,
400,110,
SHAR_EOF
fi,#,end,of,overwriting,check
if,test,-f,'tab7-19.dat'
then
	echo,shar:,will,not,over-write,existing,file,"'tab7-19.dat'"
else
cat,<<,\SHAR_EOF,>,'tab7-19.dat'
65,120,
65,140,
65,130,
65,135,
66,150,
66,135,
63,110,
63,135,
63,120,
72,170,
72,185,
72,160,
SHAR_EOF
fi,#,end,of,overwriting,check
if,test,-f,'tab7-20.dat'
then
	echo,shar:,will,not,over-write,existing,file,"'tab7-20.dat'"
else
cat,<<,\SHAR_EOF,>,'tab7-20.dat'
,93,4,1
100,4,1
,88,4,1
,85,4,1
,89,4,1
,93,10,2,
,88,10,2
,87,10,2
,87,10,2
,87,10,2
,82,16,3
,72,16,3
,80,16,3
,72,16,3
,89,16,3
,90,22,4
,92,22,4
,82,22,4
,77,22,4
,89,22,4
SHAR_EOF
fi,#,end,of,overwriting,check
if,test,-f,'tab7-5.dat'
then
	echo,shar:,will,not,over-write,existing,file,"'tab7-5.dat'"
else
cat,<<,\SHAR_EOF,>,'tab7-5.dat'
210.8,29.211
210.2,28.559
208.4,27.972
202.5,24.697
200.6,23.726
200.1,23.369
199.5,23.030,
197.0,21.892,
196.4,21.928,
196.3,21.654,
195.6,21.605,
193.4,20.480,
193.6,20.212,
191.4,19.758,
191.1,19.490,
190.6,19.386,
189.5,18.869,
188.8,18.356,
188.5,18.507,
185.7,17.267,
186.0,17.221,
185.6,17.062,
184.1,16.959,
184.6,16.881,
184.1,16.817,
183.2,16.385,
182.4,16.235,
181.9,16.106,
181.9,15.928,
181.0,15.919,
180.6,15.376
,
SHAR_EOF
fi,#,end,of,overwriting,check
if,test,-f,'tab8-19.dat'
then
	echo,shar:,will,not,over-write,existing,file,"'tab8-19.dat'"
else
cat,<<,\SHAR_EOF,>,'tab8-19.dat'
.0794,1,10,.1,
.1000,2,10,.2,
.1259,1,10,.1,
.1413,0,10,.0,
.1500,1,10,.1,
.1588,2,10,.2,
.1778,4,10,.4,
.1995,6,10,.6,
.2239,4,10,.4,
.2512,5,10,.5,
.2818,5,10,.5,
.3162,8,10,.8,
SHAR_EOF
fi,#,end,of,overwriting,check
if,test,-f,'tab8-2.dat'
then
	echo,shar:,will,not,over-write,existing,file,"'tab8-2.dat'"
else
cat,<<,\SHAR_EOF,>,'tab8-2.dat'
3537,
3407,
3866,
3711,
3775,
3665,
3621,
3596,
3491,
3391,
3160,
3371,
SHAR_EOF
fi,#,end,of,overwriting,check
if,test,-f,'tab8-21.dat'
then
	echo,shar:,will,not,over-write,existing,file,"'tab8-21.dat'"
else
cat,<<,\SHAR_EOF,>,'tab8-21.dat'
Religion,A,B,C,D,E,F,G,H,
White,Baptist,43,78,64,135,135,57,86,114,
Black,Baptist,9,2,9,23,47,77,18,41,
Methodist,73,80,80,117,102,58,66,153,
Lutheran,23,36,43,59,46,26,49,46,
Presbyterian,35,54,38,46,19,22,11,46,
Episcopalian,27,27,20,14,7,5,2,15,

SHAR_EOF
fi,#,end,of,overwriting,check
if,test,-f,'tab8-3.dat'
then
	echo,shar:,will,not,over-write,existing,file,"'tab8-3.dat'"
else
cat,<<,\SHAR_EOF,>,'tab8-3.dat'
3537,3743,
3407,3550,
3866,4017,
3711,4173,
3775,4117,
3665,3944,
3621,3964,
3596,3797,
3491,3712,
3391,3512,
3160,3392,
3371,3761
SHAR_EOF
fi,#,end,of,overwriting,check
if,test,-f,'tab8-3a.dat'
then
	echo,shar:,will,not,over-write,existing,file,"'tab8-3a.dat'"
else
cat,<<,\SHAR_EOF,>,'tab8-3a.dat'
3537,1,1
3407,2,1
3866,3,1
3711,4,1
3775,5,1
3665,6,1
3621,7,1
3596,8,1
3491,9,1
3391,10,1
3160,11,1
3371,12,1
3743,1,2
3550,2,2
4017,3,2
4173,4,2
4117,5,2
3944,6,2
3964,7,2
3797,8,2
3712,9,2
3512,10,2
3392,11,2
3761,12,2
SHAR_EOF
fi,#,end,of,overwriting,check
if,test,-f,'tab9-1.dat'
then
	echo,shar:,will,not,over-write,existing,file,"'tab9-1.dat'"
else
cat,<<,\SHAR_EOF,>,'tab9-1.dat'
1,1,.9331,
1,2,.9214,
1,3,.8472,
1,4,.8417,
2,1,.8664,
2,2,.8729,
2,3,.7948,
2,4,.8035,
3,1,.8711,
3,2,.8627,
3,3,.7810,
3,4,.8099,




SHAR_EOF
fi,#,end,of,overwriting,check
if,test,-f,'tab9-10.dat'
then
	echo,shar:,will,not,over-write,existing,file,"'tab9-10.dat'"
else
cat,<<,\SHAR_EOF,>,'tab9-10.dat'
1,0,423,
1,4,445,
1,8,414,
1,16,247,
2,0,326,
2,4,113,
2,8,127,
2,16,147,
3,0,246,
3,4,122,
3,8,206,
3,16,138,
4,0,141,
4,4,227,
4,8,78,
4,16,148,
5,0,208,
5,4,132,
5,8,172,
5,16,356,
6,0,303,
6,4,31,
6,8,45,
6,16,29,
7,0,256,
7,4,177,
7,8,103,
7,16,63,
SHAR_EOF
fi,#,end,of,overwriting,check
if,test,-f,'tab9-11.dat'
then
	echo,shar:,will,not,over-write,existing,file,"'tab9-11.dat'"
else
cat,<<,\SHAR_EOF,>,'tab9-11.dat'
1,1,8,
1,2,6,
1,3,10,
1,4,4,
1,5,11,
3,1,12,
3,2,9,
3,3,13,
3,4,6,
3,5,15,
5,1,7,
5,2,7,
5,3,9,
5,4,5,
5,5,9,
7,1,12,
7,2,10,
7,3,14,
7,4,6,
7,5,13,
2,1,7
2,2,5
2,3,11
2,4,5
2,5,10
4,1,10
4,2,8
4,3,12
4,4,3
4,5,11
6,1,8
6,2,6
6,3,10
6,4,4
6,5,7
8,1,11
8,2,9
8,3,12
8,4,5
8,5,9

SHAR_EOF
fi,#,end,of,overwriting,check
if,test,-f,'tab9-12.dat'
then
	echo,shar:,will,not,over-write,existing,file,"'tab9-12.dat'"
else
cat,<<,\SHAR_EOF,>,'tab9-12.dat'
1,F,20.20,
1,G,30.20,
1,H,31.40,
1,I,45.88,
1,J,46.75,
2,F,19.92,
2,G,30.09,
2,H,30.42,
2,I,45.48,
2,J,47.14,
3,F,20.91,
3,G,29.10,
3,H,30.18,
3,I,45.51,
3,J,48.00,
4,F,20.65,
4,G,29.85,
4,H,31.34,
4,I,44.82,
4,J,46.37,
4,F,19.94,
5,G,30.29,
5,H,31.11,
5,I,44.63,
5,J,46.63,

SHAR_EOF
fi,#,end,of,overwriting,check
if,test,-f,'tab9-13.dat'
then
	echo,shar:,will,not,over-write,existing,file,"'tab9-13.dat'"
else
cat,<<,\SHAR_EOF,>,'tab9-13.dat'
1,I,4,45,
1,I,8,50,
1,II,4,61,
1,II,8,58,
2,I,4,43,
2,I,8,45,
2,II,4,60,
2,II,8,56,
3,I,4,46,
3,I,8,48,
3,II,4,63,
3,II,8,60,

SHAR_EOF
fi,#,end,of,overwriting,check
if,test,-f,'tab9-13a.dat'
then
	echo,shar:,will,not,over-write,existing,file,"'tab9-13a.dat'"
else
cat,<<,\SHAR_EOF,>,'tab9-13a.dat'
45,1,1
43,1,2
46,1,3
50,2,1,
45,2,2,
48,2,3,
61,3,1,
60,3,2,
63,3,3
58,4,1,
56,4,2,
60,4,3
SHAR_EOF
fi,#,end,of,overwriting,check
if,test,-f,'tab9-14.dat'
then
	echo,shar:,will,not,over-write,existing,file,"'tab9-14.dat'"
else
cat,<<,\SHAR_EOF,>,'tab9-14.dat'
c1,r1,A,40.0,
c1,r2,B,40.0,
c1,r3,C,42.0,
c1,r4,D,40.0,
c2,r1,B,43.5,
c2,r2,A,42.0,
c2,r3,D,40.5,
c2,r4,C,36.5,
c3,r1,C,39.0,
c3,r2,D,40.5,
c3,r3,A,38.0,
c3,r4,B,39.0,
c4,r1,D,44.0,
c4,r2,C,38.0
c4,r3,B,40.0,
c4,r4,A,38.5,
SHAR_EOF
fi,#,end,of,overwriting,check
if,test,-f,'tab9-15.dat'
then
	echo,shar:,will,not,over-write,existing,file,"'tab9-15.dat'"
else
cat,<<,\SHAR_EOF,>,'tab9-15.dat'
c1,r1,B,2,39.0,
c1,r2,A,1,36.5,
c1,r3,D,4,40.0,
c1,r4,C,3,41.5,
c2,r1,A,4,39.0,
c2,r2,B,3,42.5,
c2,r3,C,2,39.0,
c2,r4,D,1,39.5,
c3,r1,D,3,41.0,
c3,r2,C,4,40.5,
c3,r3,B,1,41.5,
c3,r4,A,2,39.0,
c4,r1,C,1,41.0,
c4,r2,D,2,38.5,
c4,r3,A,3,41.5,
c4,r4,B,4,44.0,
SHAR_EOF
fi,#,end,of,overwriting,check
if,test,-f,'tab9-16.dat'
then
	echo,shar:,will,not,over-write,existing,file,"'tab9-16.dat'"
else
cat,<<,\SHAR_EOF,>,'tab9-16.dat'
c1,r1,B,2,39.0,
c1,r2,A,1,36.5,
c1,r3,D,4,40.0,
c1,r4,C,3,41.5,
c2,r1,A,4,39.0,
c2,r2,B,3,42.5,
c2,r3,C,2,39.0,
c2,r4,D,1,39.5,
c3,r1,D,3,41.0,
c3,r2,C,4,40.5,
c3,r3,B,1,41.5,
c3,r4,A,2,39.0,
c4,r1,C,1,41.0,
c4,r2,D,2,38.5,
c4,r3,A,3,41.5,
c4,r4,B,4,44.0,
SHAR_EOF
fi,#,end,of,overwriting,check
if,test,-f,'tab9-17.dat'
then
	echo,shar:,will,not,over-write,existing,file,"'tab9-17.dat'"
else
cat,<<,\SHAR_EOF,>,'tab9-17.dat'
1,I,A,a,8,
2,I,C,d,7,
3,I,D,b,3,
4,I,B,c,4,
1,II,C,c,11,
2,II,A,b,5,
3,II,B,d,9,
4,II,D,a,5,
1,III,D,d,2,
2,III,B,a,2,
3,III,A,c,7,
4,III,C,b,9,
1,IV,B,b,8,
2,IV,D,c,4,
3,IV,C,a,9,
4,IV,A,d,3

SHAR_EOF
fi,#,end,of,overwriting,check
if,test,-f,'tab9-6.dat'
then
	echo,shar:,will,not,over-write,existing,file,"'tab9-6.dat'"
else
cat,<<,\SHAR_EOF,>,'tab9-6.dat'
,376,1,1,4
,316,2,1,2
,326,3,1,3
,317,4,1,5
,321,5,1,1
,371,1,2,5
,338,2,2,4
,326,3,2,1
,343,4,2,2
,332,5,2,3
,355,1,3,3
,336,2,3,5
,335,3,3,2
,330,4,3,1
,317,5,3,4
,356,1,4,2
,356,2,4,1
,343,3,4,4
,327,4,4,3
,318,5,4,5
,335,1,5,1
,332,2,5,3
,330,3,5,5
,336,4,5,4
,306,5,5,2
,
SHAR_EOF
fi,#,end,of,overwriting,check
if,test,-f,'tab9-9.dat'
then
	echo,shar:,will,not,over-write,existing,file,"'tab9-9.dat'"
else
cat,<<,\SHAR_EOF,>,'tab9-9.dat'
1,1,18,
1,2,7,
1,3,5,
1,4,9,
2,1,9,
2,2,11,
2,3,12,
2,4,3,
3,1,7,
3,2,11,
3,3,11,
3,4,1,
4,1,6,
4,2,4,
4,3,10,
4,4,8,
5,1,10,
5,2,8,
5,3,6,
5,4,10,
6,1,7,
6,2,12,
6,3,3,
6,4,15,
7,1,13,
7,2,5,
7,3,15,
7,4,16,
8,1,1,
8,2,11,
8,3,8,
8,4,12,
SHAR_EOF
fi,#,end,of,overwriting,check
#	End,of,shell,archive
exit,0
